Symbol,Company Name
20MICRONS.NS,20 Microns Limited
21STCENMGM.NS,21st Century Management Services Limited
360ONE.NS,360 ONE WAM LIMITED
3IINFOLTD.NS,3i Infotech Limited
3MINDIA.NS,3M India Limited
3PLAND.NS,3P Land Holdings Limited
5PAISA.NS,5Paisa Capital Limited
63MOONS.NS,63 moons technologies limited
AAATECH.NS,AAA Technologies Limited
AADHARHFC.NS,Aadhar Housing Finance Limited
AARON.NS,Aaron Industries Limited
AARTECH.NS,Aartech Solonics Limited
AARTIDRUGS.NS,Aarti Drugs Limited
AARTIIND.NS,Aarti Industries Limited
AARTIPHARM.NS,Aarti Pharmalabs Limited
AARVI.NS,Aarvi Encon Limited
AAVAS.NS,Aavas Financiers Limited
ABAN.NS,Aban Offshore Limited
ABB.NS,ABB India Limited
ABBOTINDIA.NS,Abbott India Limited
ABCAPITAL.NS,Aditya Birla Capital Limited
ABDL.NS,Allied Blenders and Distillers Limited
ABFRL.NS,Aditya Birla Fashion and Retail Limited
ABMINTLLTD.NS,ABM International Limited
ABREL.NS,Aditya Birla Real Estate Limited
ABSLAMC.NS,Aditya Birla Sun Life AMC Limited
ACC.NS,ACC Limited
ACCELYA.NS,Accelya Solutions India Limited
ACCURACY.NS,Accuracy Shipping Limited
ACE.NS,Action Construction Equipment Limited
ACEINTEG.NS,Ace Integrated Solutions Limited
ACI.NS,Archean Chemical Industries Limited
ACL.NS,Andhra Cements Limited
ACLGATI.NS,Allcargo Gati Limited
ACMESOLAR.NS,Acme Solar Holdings Limited
ACUTAAS.NS,Acutaas Chemicals Limited
ADANIENSOL.NS,Adani Energy Solutions Limited
ADANIENT.NS,Adani Enterprises Limited
ADANIGREEN.NS,Adani Green Energy Limited
ADANIPORTS.NS,Adani Ports and Special Economic Zone Limited
ADANIPOWER.NS,Adani Power Limited
ADFFOODS.NS,ADF Foods Limited
ADOR.NS,Ador Welding Limited
ADROITINFO.NS,Adroit Infotech Limited
ADSL.NS,Allied Digital Services Limited
ADVANIHOTR.NS,Advani Hotels & Resorts (India) Limited
ADVENZYMES.NS,Advanced Enzyme Technologies Limited
AEGISLOG.NS,Aegis Logistics Limited
AEGISVOPAK.NS,Aegis Vopak Terminals Limited
AEROENTER.NS,Aeroflex Enterprises Limited
AEROFLEX.NS,Aeroflex Industries Limited
AETHER.NS,Aether Industries Limited
AFCONS.NS,Afcons Infrastructure Limited
AFFLE.NS,Affle 3i Limited
AFFORDABLE.NS,Affordable Robotic & Automation Limited
AFIL.NS,Akme Fintrade (India) Limited
AFSL.NS,Abans Financial Services Limited
AGARIND.NS,Agarwal Industrial Corporation Limited
AGARWALEYE.NS,Dr. Agarwal's Health Care Limited
AGI.NS,AGI Greenpac Limited
AGIIL.NS,Agi Infra Limited
AGRITECH.NS,Agri-Tech (India) Limited
AGROPHOS.NS,Agro Phos India Limited
AHLADA.NS,Ahlada Engineers Limited
AHLEAST.NS,Asian Hotels (East) Limited
AHLUCONT.NS,Ahluwalia Contracts (India) Limited
AIAENG.NS,AIA Engineering Limited
AIIL.NS,Authum Investment & Infrastructure Limited
AIRAN.NS,Airan Limited
AIROLAM.NS,Airo Lam limited
AJANTPHARM.NS,Ajanta Pharma Limited
AJAXENGG.NS,Ajax Engineering Limited
AJMERA.NS,Ajmera Realty & Infra India Limited
AJOONI.NS,Ajooni Biotech Limited
AKASH.NS,Akash Infra-Projects Limited
AKG.NS,Akg Exim Limited
AKSHARCHEM.NS,AksharChem India Limited
AKSHOPTFBR.NS,Aksh Optifibre Limited
AKUMS.NS,Akums Drugs and Pharmaceuticals Limited
AKZOINDIA.NS,Akzo Nobel India Limited
ALANKIT.NS,Alankit Limited
ALBERTDAVD.NS,Albert David Limited
ALEMBICLTD.NS,Alembic Limited
ALICON.NS,Alicon Castalloy Limited
ALIVUS.NS,Alivus Life Sciences Limited
ALKALI.NS,Alkali Metals Limited
ALKEM.NS,Alkem Laboratories Limited
ALKYLAMINE.NS,Alkyl Amines Chemicals Limited
ALLCARGO.NS,Allcargo Logistics Limited
ALLDIGI.NS,Alldigi Tech Limited
ALMONDZ.NS,Almondz Global Securities Limited
ALOKINDS.NS,Alok Industries Limited
ALPA.NS,Alpa Laboratories Limited
ALPHAGEO.NS,Alphageo (India) Limited
AMBER.NS,Amber Enterprises India Limited
AMBICAAGAR.NS,Ambica Agarbathies & Aroma industries Limited
AMBIKCO.NS,Ambika Cotton Mills Limited
AMBUJACEM.NS,Ambuja Cements Limited
AMDIND.NS,AMD Industries Limited
AMJLAND.NS,Amj Land Holdings Limited
AMNPLST.NS,Amines & Plasticizers Limited
AMRUTANJAN.NS,Amrutanjan Health Care Limited
ANANDRATHI.NS,Anand Rathi Wealth Limited
ANANTRAJ.NS,Anant Raj Limited
ANDHRAPAP.NS,ANDHRA PAPER LIMITED
ANDHRSUGAR.NS,The Andhra Sugars Limited
ANGELONE.NS,Angel One Limited
ANIKINDS.NS,Anik Industries Limited
ANMOL.NS,Anmol India Limited
ANTGRAPHIC.NS,Antarctica Limited
ANUHPHR.NS,Anuh Pharma Limited
ANUP.NS,The Anup Engineering Limited
ANURAS.NS,Anupam Rasayan India Limited
APARINDS.NS,Apar Industries Limited
APCL.NS,Anjani Portland Cement Limited
APCOTEXIND.NS,Apcotex Industries Limited
APEX.NS,Apex Frozen Foods Limited
APLAPOLLO.NS,APL Apollo Tubes Limited
APLLTD.NS,Alembic Pharmaceuticals Limited
APOLLO.NS,Apollo Micro Systems Limited
APOLLOHOSP.NS,Apollo Hospitals Enterprise Limited
APOLLOPIPE.NS,Apollo Pipes Limited
APOLLOTYRE.NS,Apollo Tyres Limited
APOLSINHOT.NS,Apollo Sindoori Hotels Limited
APTUS.NS,Aptus Value Housing Finance India Limited
ARCHIDPLY.NS,Archidply Industries Limited
ARE&M.NS,Amara Raja Energy & Mobility Limited
ARENTERP.NS,Rajdarshan Industries Limited
ARIES.NS,Aries Agro Limited
ARIHANTCAP.NS,Arihant Capital Markets Limited
ARIHANTSUP.NS,Arihant Superstructures Limited
ARISINFRA.NS,Arisinfra Solutions Limited
ARKADE.NS,Arkade Developers Limited
ARMANFIN.NS,Arman Financial Services Limited
AROGRANITE.NS,Aro Granite Industries Limited
ARTEMISMED.NS,Artemis Medicare Services Limited
ARVEE.NS,Arvee Laboratories (India) Limited
ARVIND.NS,Arvind Limited
ARVINDFASN.NS,Arvind Fashions Limited
ARVSMART.NS,Arvind SmartSpaces Limited
ASAHIINDIA.NS,Asahi India Glass Limited
ASAL.NS,Automotive Stampings and Assemblies Limited
ASALCBR.NS,Associated Alcohols & Breweries Ltd.
ASHAPURMIN.NS,Ashapura Minechem Limited
ASHIANA.NS,Ashiana Housing Limited
ASHOKA.NS,Ashoka Buildcon Limited
ASHOKAMET.NS,Ashoka Metcast Limited
ASHOKLEY.NS,Ashok Leyland Limited
ASIANENE.NS,Asian Energy Services Limited
ASIANPAINT.NS,Asian Paints Limited
ASKAUTOLTD.NS,ASK Automotive Limited
ASMS.NS,Bartronics India Limited
ASPINWALL.NS,Aspinwall and Company Limited
ASTEC.NS,Astec LifeSciences Limited
ASTERDM.NS,Aster DM Healthcare Limited
ASTRAL.NS,Astral Limited
ASTRAMICRO.NS,Astra Microwave Products Limited
ASTRAZEN.NS,AstraZeneca Pharma India Limited
ATAM.NS,Atam Valves Limited
ATGL.NS,Adani Total Gas Limited
ATHERENERG.NS,Ather Energy Limited
ATL.NS,Allcargo Terminals Limited
ATLANTAA.NS,ATLANTAA LIMITED
ATUL.NS,Atul Limited
ATULAUTO.NS,Atul Auto Limited
AUBANK.NS,AU Small Finance Bank Limited
AURIONPRO.NS,Aurionpro Solutions Limited
AUROPHARMA.NS,Aurobindo Pharma Limited
AURUM.NS,Aurum PropTech Limited
AUTOAXLES.NS,Automotive Axles Limited
AUTOIND.NS,Autoline Industries Limited
AVADHSUGAR.NS,Avadh Sugar & Energy Limited
AVALON.NS,Avalon Technologies Limited
AVANTEL.NS,Avantel Limited
AVANTIFEED.NS,Avanti Feeds Limited
AVG.NS,AVG Logistics Limited
AVL.NS,Aditya Vision Limited
AVROIND.NS,AVRO INDIA LIMITED
AVTNPL.NS,AVT Natural Products Limited
AWFIS.NS,Awfis Space Solutions Limited
AWHCL.NS,Antony Waste Handling Cell Limited
AWL.NS,AWL Agri Business Limited
AXISBANK.NS,Axis Bank Limited
AXITA.NS,Axita Cotton Limited
AYMSYNTEX.NS,AYM Syntex Limited
AZAD.NS,Azad Engineering Limited
BAGFILMS.NS,B.A.G Films and Media Limited
BAIDFIN.NS,Baid Finserv Limited
BAJAJ-AUTO.NS,Bajaj Auto Limited
BAJAJCON.NS,Bajaj Consumer Care Limited
BAJAJELEC.NS,Bajaj Electricals Limited
BAJAJFINSV.NS,Bajaj Finserv Limited
BAJAJHCARE.NS,Bajaj Healthcare Limited
BAJAJHFL.NS,Bajaj Housing Finance Limited
BAJAJHIND.NS,Bajaj Hindusthan Sugar Limited
BAJAJHLDNG.NS,Bajaj Holdings & Investment Limited
BAJAJINDEF.NS,Indef Manufacturing Limited
BAJFINANCE.NS,Bajaj Finance Limited
BALAJEE.NS,Shree Tirupati Balajee Agro Trading Company Limited
BALAMINES.NS,Balaji Amines Limited
BALAXI.NS,BALAXI PHARMACEUTICALS LIMITED
BALKRISHNA.NS,Balkrishna Paper Mills Limited
BALKRISIND.NS,Balkrishna Industries Limited
BALMLAWRIE.NS,Balmer Lawrie & Company Limited
BALPHARMA.NS,Bal Pharma Limited
BALRAMCHIN.NS,Balrampur Chini Mills Limited
BANARBEADS.NS,Banaras Beads Limited
BANARISUG.NS,Bannari Amman Sugars Limited
BANCOINDIA.NS,Banco Products (I) Limited
BANDHANBNK.NS,Bandhan Bank Limited
BANG.NS,Bang Overseas Limited
BANKA.NS,Banka BioLoo Limited
BANKBARODA.NS,Bank of Baroda
BANKINDIA.NS,Bank of India
BANSALWIRE.NS,Bansal Wire Industries Limited
BANSWRAS.NS,Banswara Syntex Limited
BARBEQUE.NS,Barbeque Nation Hospitality Limited
BASF.NS,BASF India Limited
BASML.NS,Bannari Amman Spinning Mills Limited
BATAINDIA.NS,Bata India Limited
BAYERCROP.NS,Bayer Cropscience Limited
BBL.NS,Bharat Bijlee Limited
BBTC.NS,Bombay Burmah Trading Corporation Limited
BBTCL.NS,B&B Triplewall Containers Limited
BCLIND.NS,Bcl Industries Limited
BCONCEPTS.NS,Brand Concepts Limited
BDL.NS,Bharat Dynamics Limited
BEARDSELL.NS,Beardsell Limited
BECTORFOOD.NS,Mrs. Bectors Food Specialities Limited
BEDMUTHA.NS,Bedmutha Industries Limited
BEL.NS,Bharat Electronics Limited
BELRISE.NS,Belrise Industries Limited
BEML.NS,BEML Limited
BEPL.NS,Bhansali Engineering Polymers Limited
BERGEPAINT.NS,Berger Paints (I) Limited
BESTAGRO.NS,Best Agrolife Limited
BFINVEST.NS,BF Investment Limited
BFUTILITIE.NS,BF Utilities Limited
BHAGCHEM.NS,Bhagiradha Chemicals & Industries Limited
BHAGERIA.NS,Bhageria Industries Limited
BHAGYANGR.NS,Bhagyanagar India Limited
BHANDARI.NS,Bhandari Hosiery Exports Limited
BHARATFORG.NS,Bharat Forge Limited
BHARATGEAR.NS,Bharat Gears Limited
BHARATRAS.NS,Bharat Rasayan Limited
BHARATWIRE.NS,Bharat Wire Ropes Limited
BHARTIARTL.NS,Bharti Airtel Limited
BHARTIHEXA.NS,Bharti Hexacom Limited
BHEL.NS,Bharat Heavy Electricals Limited
BIGBLOC.NS,Bigbloc Construction Limited
BIKAJI.NS,Bikaji Foods International Limited
BIL.NS,Bhartiya International Limited
BIOCON.NS,Biocon Limited
BIRLACORPN.NS,Birla Corporation Limited
BIRLAMONEY.NS,Aditya Birla Money Limited
BIRLANU.NS,BirlaNu Limited
BLACKBUCK.NS,Zinka Logistics Solutions Limited
BLAL.NS,BEML Land Assets Limited
BLBLIMITED.NS,BLB Limited
BLISSGVS.NS,Bliss GVS Pharma Limited
BLKASHYAP.NS,B. L. Kashyap and Sons Limited
BLS.NS,BLS International Services Limited
BLUEDART.NS,Blue Dart Express Limited
BLUEJET.NS,Blue Jet Healthcare Limited
BLUESTARCO.NS,Blue Star Limited
BLUSPRING.NS,Bluspring Enterprises Limited
BODALCHEM.NS,Bodal Chemicals Limited
BOMDYEING.NS,Bombay Dyeing & Mfg Company Limited
BORANA.NS,Borana Weaves Limited
BOROLTD.NS,Borosil Limited
BORORENEW.NS,BOROSIL RENEWABLES LIMITED
BOROSCI.NS,Borosil Scientific Limited
BOSCHLTD.NS,Bosch Limited
BPCL.NS,Bharat Petroleum Corporation Limited
BPL.NS,BPL Limited
BRIGADE.NS,Brigade Enterprises Limited
BRITANNIA.NS,Britannia Industries Limited
BSE.NS,BSE Limited
BSHSL.NS,Bombay Super Hybrid Seeds Limited
BSOFT.NS,BIRLASOFT LIMITED
BTML.NS,Bodhi Tree Multimedia Limited
BUTTERFLY.NS,Butterfly Gandhimathi Appliances Limited
BVCL.NS,Barak Valley Cements Limited
CALSOFT.NS,California Software Company Limited
CAMPUS.NS,Campus Activewear Limited
CAMS.NS,Computer Age Management Services Limited
CANBK.NS,Canara Bank
CANFINHOME.NS,Can Fin Homes Limited
CANTABIL.NS,Cantabil Retail India Limited
CAPACITE.NS,Capacit'e Infraprojects Limited
CAPITALSFB.NS,Capital Small Finance Bank Limited
CAPLIPOINT.NS,Caplin Point Laboratories Limited
CARBORUNIV.NS,Carborundum Universal Limited
CARERATING.NS,CARE Ratings Limited
CARRARO.NS,Carraro India Limited
CARTRADE.NS,Cartrade Tech Limited
CARYSIL.NS,CARYSIL LIMITED
CASTROLIND.NS,Castrol India Limited
CCCL.NS,Consolidated Construction Consortium Limited
CCHHL.NS,Country Club Hospitality & Holidays Limited
CCL.NS,CCL Products (India) Limited
CDSL.NS,Central Depository Services (India) Limited
CEATLTD.NS,CEAT Limited
CEIGALL.NS,Ceigall India Limited
CELEBRITY.NS,Celebrity Fashions Limited
CELLO.NS,Cello World Limited
CENTENKA.NS,Century Enka Limited
CENTEXT.NS,Century Extrusions Limited
CENTRALBK.NS,Central Bank of India
CENTUM.NS,Centum Electronics Limited
CENTURYPLY.NS,Century Plyboards (India) Limited
CERA.NS,Cera Sanitaryware Limited
CESC.NS,CESC Limited
CEWATER.NS,Concord Enviro Systems Limited
CGCL.NS,Capri Global Capital Limited
CGPOWER.NS,CG Power and Industrial Solutions Limited
CHALET.NS,Chalet Hotels Limited
CHAMBLFERT.NS,Chambal Fertilizers & Chemicals Limited
CHEMCON.NS,Chemcon Speciality Chemicals Limited
CHEMFAB.NS,Chemfab Alkalis Limited
CHEMPLASTS.NS,Chemplast Sanmar Limited
CHENNPETRO.NS,Chennai Petroleum Corporation Limited
CHEVIOT.NS,Cheviot Company Limited
CHOICEIN.NS,Choice International Limited
CHOLAFIN.NS,Cholamandalam Investment and Finance Company Limited
CHOLAHLDNG.NS,Cholamandalam Financial Holdings Limited
CIEINDIA.NS,CIE Automotive India Limited
CIFL.NS,Capital India Finance Limited
CIGNITITEC.NS,Cigniti Technologies Limited
CINELINE.NS,Cineline India Limited
CIPLA.NS,Cipla Limited
CLEAN.NS,Clean Science and Technology Limited
CLEDUCATE.NS,CL Educate Limited
CLSEL.NS,Chaman Lal Setia Exports Limited
CMSINFO.NS,CMS Info Systems Limited
COALINDIA.NS,Coal India Limited
COASTCORP.NS,Coastal Corporation Limited
COCHINSHIP.NS,Cochin Shipyard Limited
COFFEEDAY.NS,Coffee Day Enterprises Limited
COFORGE.NS,Coforge Limited
COHANCE.NS,Cohance Lifesciences Limited
COLPAL.NS,Colgate Palmolive (India) Limited
COMPUSOFT.NS,Compucom Software Limited
COMSYN.NS,Commercial Syn Bags Limited
CONCOR.NS,Container Corporation of India Limited
CONCORDBIO.NS,Concord Biotech Limited
CONFIPET.NS,Confidence Petroleum India Limited
CONSOFINVT.NS,Consolidated Finvest & Holdings Limited
CONTROLPR.NS,Control Print Limited
CORALFINAC.NS,Coral India Finance & Housing Limited
CORDSCABLE.NS,Cords Cable Industries Limited
COROMANDEL.NS,Coromandel International Limited
COSMOFIRST.NS,COSMO FIRST LIMITED
CPCAP.NS,CP Capital Limited
CRAFTSMAN.NS,Craftsman Automation Limited
CREATIVE.NS,Creative Newtech Limited
CREDITACC.NS,CREDITACCESS GRAMEEN LIMITED
CREST.NS,Crest Ventures Limited
CRISIL.NS,CRISIL Limited
CROMPTON.NS,Crompton Greaves Consumer Electricals Limited
CROWN.NS,Crown Lifters Limited
CSBBANK.NS,CSB Bank Limited
CSLFINANCE.NS,CSL Finance Limited
CUB.NS,City Union Bank Limited
CUBEXTUB.NS,Cubex Tubings Limited
CUMMINSIND.NS,Cummins India Limited
CUPID.NS,Cupid Limited
CYBERMEDIA.NS,Cyber Media (India) Limited
CYIENT.NS,Cyient Limited
CYIENTDLM.NS,Cyient DLM Limited
DABUR.NS,Dabur India Limited
DALBHARAT.NS,Dalmia Bharat Limited
DALMIASUG.NS,Dalmia Bharat Sugar and Industries Limited
DAMCAPITAL.NS,Dam Capital Advisors Limited
DAMODARIND.NS,Damodar Industries Limited
DANGEE.NS,Dangee Dums Limited
DATAMATICS.NS,Datamatics Global Services Limited
DATAPATTNS.NS,Data Patterns (India) Limited
DAVANGERE.NS,Davangere Sugar Company Limited
DBCORP.NS,D.B.Corp Limited
DBEIL.NS,Deepak Builders & Engineers India Limited
DBL.NS,Dilip Buildcon Limited
DBREALTY.NS,Valor Estate Limited
DBSTOCKBRO.NS,DB (International) Stock Brokers Limited
DCBBANK.NS,DCB Bank Limited
DCI.NS,Dc Infotech And Communication Limited
DCM.NS,DCM  Limited
DCMNVL.NS,DCM Nouvelle Limited
DCMSHRIRAM.NS,DCM Shriram Limited
DCMSRIND.NS,DCM Shriram Industries Limited
DCW.NS,DCW Limited
DCXINDIA.NS,DCX Systems Limited
DDEVPLSTIK.NS,Ddev Plastiks Industries Limited
DECCANCE.NS,Deccan Cements Limited
DEEDEV.NS,DEE Development Engineers Limited
DEEPAKFERT.NS,Deepak Fertilizers and Petrochemicals Corporation Limited
DEEPAKNTR.NS,Deepak Nitrite Limited
DEEPINDS.NS,Deep Industries Limited
DELHIVERY.NS,Delhivery Limited
DELPHIFX.NS,DELPHI WORLD MONEY LIMITED
DELTACORP.NS,Delta Corp Limited
DEN.NS,Den Networks Limited
DENORA.NS,De Nora India Limited
DENTA.NS,Denta Water and Infra Solutions Limited
DEVIT.NS,Dev Information Technology Limited
DEVYANI.NS,Devyani International Limited
DGCONTENT.NS,Digicontent Limited
DHAMPURSUG.NS,Dhampur Sugar Mills Limited
DHANBANK.NS,Dhanlaxmi Bank Limited
DHANI.NS,Dhani Services Limited
DHANUKA.NS,Dhanuka Agritech Limited
DHUNINV.NS,Dhunseri Investments Limited
DIACABS.NS,Diamond Power Infrastructure Limited
DIAMINESQ.NS,Diamines & Chemicals Limited
DIAMONDYD.NS,Prataap Snacks Limited
DICIND.NS,DIC India Limited
DIFFNKG.NS,Diffusion Engineers Limited
DIGIDRIVE.NS,Digidrive Distributors Limited
DIGISPICE.NS,DiGiSPICE Technologies Limited
DIGITIDE.NS,Digitide Solutions Limited
DIVGIITTS.NS,Divgi Torqtransfer Systems Limited
DIVISLAB.NS,Divi's Laboratories Limited
DIXON.NS,Dixon Technologies (India) Limited
DJML.NS,DJ Mediaprint & Logistics Limited
DLF.NS,DLF Limited
DLINKINDIA.NS,D-Link (India) Limited
DMART.NS,Avenue Supermarts Limited
DMCC.NS,DMCC SPECIALITY CHEMICALS LIMITED
DNAMEDIA.NS,Diligent Media Corporation Limited
DODLA.NS,Dodla Dairy Limited
DOLATALGO.NS,Dolat Algotech Limited
DOLLAR.NS,Dollar Industries Limited
DOLPHIN.NS,Dolphin Offshore Enterprises (India) Limited
DOMS.NS,DOMS Industries Limited
DONEAR.NS,Donear Industries Limited
DPABHUSHAN.NS,D. P. Abhushan Limited
DPSCLTD.NS,DPSC Limited
DPWIRES.NS,D P Wires Limited
DREAMFOLKS.NS,Dreamfolks Services Limited
DREDGECORP.NS,Dredging Corporation of India Limited
DRREDDY.NS,Dr. Reddy's Laboratories Limited
DSSL.NS,Dynacons Systems & Solutions Limited
DTIL.NS,Dhunseri Tea & Industries Limited
DUCON.NS,Ducon Infratechnologies Limited
DVL.NS,Dhunseri Ventures Limited
DWARKESH.NS,Dwarikesh Sugar Industries Limited
DYCL.NS,Dynamic Cables Limited
DYNAMATECH.NS,Dynamatic Technologies Limited
DYNPRO.NS,Dynemic Products Limited
E2E.NS,E2E Networks Limited
EASEMYTRIP.NS,Easy Trip Planners Limited
ECLERX.NS,eClerx Services Limited
ECOSMOBLTY.NS,Ecos (India) Mobility & Hospitality Limited
EDELWEISS.NS,Edelweiss Financial Services Limited
EICHERMOT.NS,Eicher Motors Limited
EIDPARRY.NS,EID Parry India Limited
EIEL.NS,Enviro Infra Engineers Limited
EIFFL.NS,Euro India Fresh Foods Limited
EIHAHOTELS.NS,EIH Associated Hotels Limited
EIHOTEL.NS,EIH Limited
EIMCOELECO.NS,Eimco Elecon (India) Limited
EKC.NS,Everest Kanto Cylinder Limited
ELDEHSG.NS,Eldeco Housing And Industries Limited
ELECON.NS,Elecon Engineering Company Limited
ELECTCAST.NS,Electrosteel Castings Limited
ELECTHERM.NS,Electrotherm (India) Limited
ELGIEQUIP.NS,Elgi Equipments Limited
EMAMILTD.NS,Emami Limited
EMAMIPAP.NS,Emami Paper Mills Limited
EMBDL.NS,Embassy Developments Limited
EMCURE.NS,Emcure Pharmaceuticals Limited
EMIL.NS,Electronics Mart India Limited
EMMBI.NS,Emmbi Industries Limited
EMSLIMITED.NS,EMS Limited
EMUDHRA.NS,eMudhra Limited
ENDURANCE.NS,Endurance Technologies Limited
ENGINERSIN.NS,Engineers India Limited
ENIL.NS,Entertainment Network (India) Limited
ENTERO.NS,Entero Healthcare Solutions Limited
EPACK.NS,EPACK Durable Limited
EPIGRAL.NS,Epigral Limited
EPL.NS,EPL Limited
EQUITASBNK.NS,Equitas Small Finance Bank Limited
ERIS.NS,Eris Lifesciences Limited
ESABINDIA.NS,Esab India Limited
ESAFSFB.NS,ESAF Small Finance Bank Limited
ESCORTS.NS,Escorts Kubota Limited
ESSENTIA.NS,Integra Essentia Limited
ESTER.NS,Ester Industries Limited
ETERNAL.NS,ETERNAL LIMITED
ETHOSLTD.NS,Ethos Limited
EUREKAFORB.NS,Eureka Forbes Limited
EUROTEXIND.NS,Eurotex Industries and Exports Limited
EVEREADY.NS,Eveready Industries India Limited
EXCEL.NS,Excel Realty N Infra Limited
EXCELINDUS.NS,Excel Industries Limited
EXICOM.NS,Exicom Tele-Systems Limited
EXIDEIND.NS,Exide Industries Limited
EXPLEOSOL.NS,Expleo Solutions Limited
FACT.NS,Fertilizers and Chemicals Travancore Limited
FAIRCHEMOR.NS,Fairchem Organics Limited
FAZE3Q.NS,Faze Three Limited
FCL.NS,Fineotex Chemical Limited
FCSSOFT.NS,FCS Software Solutions Limited
FDC.NS,FDC Limited
FEDERALBNK.NS,The Federal Bank  Limited
FEDFINA.NS,Fedbank Financial Services Limited
FIBERWEB.NS,Fiberweb (India) Limited
FIEMIND.NS,Fiem Industries Limited
FILATEX.NS,Filatex India Limited
FILATFASH.NS,Filatex Fashions Limited
FINCABLES.NS,Finolex Cables Limited
FINEORG.NS,Fine Organic Industries Limited
FINOPB.NS,Fino Payments Bank Limited
FINPIPE.NS,Finolex Industries Limited
FIRSTCRY.NS,Brainbees Solutions Limited
FIVESTAR.NS,Five-Star Business Finance Limited
FLAIR.NS,Flair Writing Industries Limited
FLUOROCHEM.NS,Gujarat Fluorochemicals Limited
FMGOETZE.NS,Federal-Mogul Goetze (India) Limited.
FORCEMOT.NS,FORCE MOTORS LTD
FORTIS.NS,Fortis Healthcare Limited
FOSECOIND.NS,Foseco India Limited
FSL.NS,Firstsource Solutions Limited
FUSION.NS,Fusion Finance Limited
GABRIEL.NS,Gabriel India Limited
GAEL.NS,Gujarat Ambuja Exports Limited
GAIL.NS,GAIL (India) Limited
GALAPREC.NS,Gala Precision Engineering Limited
GALAXYSURF.NS,Galaxy Surfactants Limited
GALLANTT.NS,Gallantt Ispat Limited
GANDHAR.NS,Gandhar Oil Refinery (India) Limited
GANDHITUBE.NS,Gandhi Special Tubes Limited
GANECOS.NS,Ganesha Ecosphere Limited
GANESHBE.NS,Ganesh Benzoplast Limited
GANESHHOUC.NS,Ganesh Housing Corporation Limited
GANGAFORGE.NS,Ganga Forging Limited
GANGESSECU.NS,Ganges Securities Limited
GARFIBRES.NS,Garware Technical Fibres Limited
GARUDA.NS,Garuda Construction and Engineering Limited
GATECHDVR.NS,GACM Technologies Limited
GATEWAY.NS,Gateway Distriparks Limited
GEECEE.NS,GeeCee Ventures Limited
GEEKAYWIRE.NS,Geekay Wires Limited
GENESYS.NS,Genesys International Corporation Limited
GENUSPAPER.NS,Genus Paper & Boards Limited
GENUSPOWER.NS,Genus Power Infrastructures Limited
GEOJITFSL.NS,Geojit Financial Services Limited
GEPIL.NS,GE Power India Limited
GESHIP.NS,The Great Eastern Shipping Company Limited
GFLLIMITED.NS,GFL Limited
GHCL.NS,GHCL Limited
GHCLTEXTIL.NS,GHCL Textiles Limited
GICHSGFIN.NS,GIC Housing Finance Limited
GICRE.NS,General Insurance Corporation of India
GILLANDERS.NS,Gillanders Arbuthnot & Company Limited
GILLETTE.NS,Gillette India Limited
GIPCL.NS,Gujarat Industries Power Company Limited
GKWLIMITED.NS,GKW Limited
GLAND.NS,Gland Pharma Limited
GLAXO.NS,GlaxoSmithKline Pharmaceuticals Limited
GLENMARK.NS,Glenmark Pharmaceuticals Limited
GLOBAL.NS,Global Education Limited
GLOBALVECT.NS,Global Vectra Helicorp Limited
GLOBE.NS,Globe Textiles (India) Limited
GLOBUSSPR.NS,Globus Spirits Limited
GLOSTERLTD.NS,Gloster Limited
GMBREW.NS,GM Breweries Limited
GMDCLTD.NS,Gujarat Mineral Development Corporation Limited
GMMPFAUDLR.NS,GMM Pfaudler Limited
GMRAIRPORT.NS,GMR AIRPORTS LIMITED
GMRP&UI.NS,GMR Power and Urban Infra Limited
GNA.NS,GNA Axles Limited
GNFC.NS,Gujarat Narmada Valley Fertilizers and Chemicals Limited
GOACARBON.NS,Goa Carbon Limited
GOCLCORP.NS,GOCL Corporation Limited
GOCOLORS.NS,Go Fashion (India) Limited
GODFRYPHLP.NS,Godfrey Phillips India Limited
GODHA.NS,Godha Cabcon & Insulation Limited
GODIGIT.NS,Go Digit General Insurance Limited
GODREJAGRO.NS,Godrej Agrovet Limited
GODREJCP.NS,Godrej Consumer Products Limited
GODREJIND.NS,Godrej Industries Limited
GODREJPROP.NS,Godrej Properties Limited
GOKEX.NS,Gokaldas Exports Limited
GOKUL.NS,Gokul Refoils and Solvent Limited
GOKULAGRO.NS,Gokul Agro Resources Limited
GOLDIAM.NS,Goldiam International Limited
GOLDTECH.NS,AION-TECH SOLUTIONS LIMITED
GOODLUCK.NS,Goodluck India Limited
GOPAL.NS,Gopal Snacks Limited
GOYALALUM.NS,Goyal Aluminiums Limited
GPIL.NS,Godawari Power And Ispat limited
GPPL.NS,Gujarat Pipavav Port Limited
GPTHEALTH.NS,GPT Healthcare Limited
GPTINFRA.NS,GPT Infraprojects Limited
GRANULES.NS,Granules India Limited
GRAPHITE.NS,Graphite India Limited
GRASIM.NS,Grasim Industries Limited
GRAVITA.NS,Gravita India Limited
GREAVESCOT.NS,Greaves Cotton Limited
GREENLAM.NS,Greenlam Industries Limited
GREENPANEL.NS,Greenpanel Industries Limited
GREENPLY.NS,Greenply Industries Limited
GREENPOWER.NS,Orient Green Power Company Limited
GRINDWELL.NS,Grindwell Norton Limited
GRINFRA.NS,G R Infraprojects Limited
GRMOVER.NS,GRM Overseas Limited
GRPLTD.NS,GRP Limited
GRSE.NS,Garden Reach Shipbuilders & Engineers Limited
GRWRHITECH.NS,Garware Hi-Tech Films Limited
GSFC.NS,Gujarat State Fertilizers & Chemicals Limited
GSLSU.NS,Global Surfaces Limited
GSPL.NS,Gujarat State Petronet Limited
GSS.NS,GSS Infotech Limited
GTL.NS,GTL Limited
GTLINFRA.NS,GTL Infrastructure Limited
GTPL.NS,GTPL Hathway Limited
GUFICBIO.NS,Gufic Biosciences Limited
GUJALKALI.NS,Gujarat Alkalies and Chemicals Limited
GUJAPOLLO.NS,Gujarat Apollo Industries Limited
GUJGASLTD.NS,Gujarat Gas Limited
GUJTHEM.NS,Gujarat Themis Biosyn Limited
GULFOILLUB.NS,Gulf Oil Lubricants India Limited
GULFPETRO.NS,GP Petroleums Limited
GULPOLY.NS,Gulshan Polyols Limited
GVPTECH.NS,GVP Infotech Limited
GVT&D.NS,GE Vernova T&D India Limited
HAL.NS,Hindustan Aeronautics Limited
HAPPSTMNDS.NS,Happiest Minds Technologies Limited
HAPPYFORGE.NS,Happy Forgings Limited
HARIOMPIPE.NS,Hariom Pipe Industries Limited
HARRMALAYA.NS,Harrisons  Malayalam Limited
HARSHA.NS,Harsha Engineers International Limited
HATHWAY.NS,Hathway Cable & Datacom Limited
HATSUN.NS,Hatsun Agro Product Limited
HAVELLS.NS,Havells India Limited
HAVISHA.NS,Sri Havisha Hospitality and Infrastructure Limited
HBLENGINE.NS,HBL Engineering Limited
HBSL.NS,HB Stockholdings Limited
HCG.NS,Healthcare Global Enterprises Limited
HCLTECH.NS,HCL Technologies Limited
HDFCAMC.NS,HDFC Asset Management Company Limited
HDFCBANK.NS,HDFC Bank Limited
HDFCLIFE.NS,HDFC Life Insurance Company Limited
HEADSUP.NS,Heads UP Ventures Limited
HEG.NS,HEG Limited
HEIDELBERG.NS,HeidelbergCement India Limited
HEMIPROP.NS,Hemisphere Properties India Limited
HERANBA.NS,Heranba Industries Limited
HERITGFOOD.NS,Heritage Foods Limited
HEROMOTOCO.NS,Hero MotoCorp Limited
HESTERBIO.NS,Hester Biosciences Limited
HEUBACHIND.NS,Heubach Colorants India Limited
HEXATRADEX.NS,Hexa Tradex Limited
HEXT.NS,Hexaware Technologies Limited
HFCL.NS,HFCL Limited
HGINFRA.NS,H.G. Infra Engineering Limited
HGS.NS,Hinduja Global Solutions Limited
HIKAL.NS,Hikal Limited
HIMATSEIDE.NS,Himatsingka Seide Limited
HINDALCO.NS,Hindalco Industries Limited
HINDCOMPOS.NS,Hindustan Composites Limited
HINDCON.NS,Hindcon Chemicals Limited
HINDCOPPER.NS,Hindustan Copper Limited
HINDOILEXP.NS,Hindustan Oil Exploration Company Limited
HINDPETRO.NS,Hindustan Petroleum Corporation Limited
HINDUNILVR.NS,Hindustan Unilever Limited
HINDWAREAP.NS,Hindware Home Innovation Limited
HINDZINC.NS,Hindustan Zinc Limited
HIRECT.NS,Hind Rectifiers Limited
HISARMETAL.NS,Hisar Metal Industries Limited
HITECH.NS,Hi-Tech Pipes Limited
HITECHCORP.NS,Hitech Corporation Limited
HLEGLAS.NS,HLE Glascoat Limited
HLVLTD.NS,HLV LIMITED
HMAAGRO.NS,HMA Agro Industries Limited
HMVL.NS,Hindustan Media Ventures Limited
HNDFDS.NS,Hindustan Foods Limited
HOMEFIRST.NS,Home First Finance Company India Limited
HONASA.NS,Honasa Consumer Limited
HONAUT.NS,Honeywell Automation India Limited
HONDAPOWER.NS,Honda India Power Products Limited
HPAL.NS,HP Adhesives Limited
HPIL.NS,Hindprakash Industries Limited
HPL.NS,HPL Electric & Power Limited
HSCL.NS,Himadri Speciality Chemical Limited
HUBTOWN.NS,Hubtown Limited
HUDCO.NS,Housing & Urban Development Corporation Limited
HUHTAMAKI.NS,Huhtamaki India Limited
HYUNDAI.NS,Hyundai Motor India Limited
ICEMAKE.NS,Ice Make Refrigeration Limited
ICICIBANK.NS,ICICI Bank Limited
ICICIGI.NS,ICICI Lombard General Insurance Company Limited
ICICIPRULI.NS,ICICI Prudential Life Insurance Company Limited
ICIL.NS,Indo Count Industries Limited
ICRA.NS,ICRA Limited
IDBI.NS,IDBI Bank Limited
IDEA.NS,Vodafone Idea Limited
IDEAFORGE.NS,Ideaforge Technology Limited
IDFCFIRSTB.NS,IDFC First Bank Limited
IEX.NS,Indian Energy Exchange Limited
IFBIND.NS,IFB Industries Limited
IFCI.NS,IFCI Limited
IFGLEXPOR.NS,IFGL Refractories Limited
IGARASHI.NS,Igarashi Motors India Limited
IGIL.NS,International Gemmological Institute (India) Limited
IGL.NS,Indraprastha Gas Limited
IGPL.NS,IG Petrochemicals Limited
IIFL.NS,IIFL Finance Limited
IIFLCAPS.NS,IIFL Capital Services Limited
IKIO.NS,IKIO Technologies Limited
IKS.NS,Inventurus Knowledge Solutions Limited
IMAGICAA.NS,Imagicaaworld Entertainment Limited
IMFA.NS,Indian Metals & Ferro Alloys Limited
IMPAL.NS,India Motor Parts and Accessories Limited
INDBANK.NS,Indbank Merchant Banking Services Limited
INDGN.NS,Indegene Limited
INDHOTEL.NS,The Indian Hotels Company Limited
INDIACEM.NS,The India Cements Limited
INDIAGLYCO.NS,India Glycols Limited
INDIAMART.NS,Indiamart Intermesh Limited
INDIANB.NS,Indian Bank
INDIANCARD.NS,Indian Card Clothing Company Limited
INDIANHUME.NS,Indian Hume Pipe Company Limited
INDIASHLTR.NS,India Shelter Finance Corporation Limited
INDIGO.NS,InterGlobe Aviation Limited
INDIGOPNTS.NS,Indigo Paints Limited
INDNIPPON.NS,India Nippon Electricals Limited
INDOAMIN.NS,Indo Amines Limited
INDOBORAX.NS,Indo Borax & Chemicals Limited
INDOCO.NS,Indoco Remedies Limited
INDOSTAR.NS,IndoStar Capital Finance Limited
INDOTECH.NS,Indo Tech Transformers Limited
INDOUS.NS,Indo Us Biotech Limited
INDOWIND.NS,Indowind Energy Limited
INDRAMEDCO.NS,Indraprastha Medical Corporation Limited
INDSWFTLAB.NS,Ind-Swift Laboratories Limited
INDSWFTLTD.NS,Ind-Swift Limited
INDTERRAIN.NS,Indian Terrain Fashions Limited
INDUSINDBK.NS,IndusInd Bank Limited
INDUSTOWER.NS,Indus Towers Limited
INFIBEAM.NS,Infibeam Avenues Limited
INFOBEAN.NS,InfoBeans Technologies Limited
INFY.NS,Infosys Limited
INGERRAND.NS,Ingersoll Rand (India) Limited
INNOVACAP.NS,Innova Captab Limited
INNOVANA.NS,Innovana Thinklabs Limited
INOXINDIA.NS,INOX India Limited
INOXWIND.NS,Inox Wind Limited
INSECTICID.NS,Insecticides (India) Limited
INSPIRISYS.NS,Inspirisys Solutions Limited
INTELLECT.NS,Intellect Design Arena Limited
INTENTECH.NS,Intense Technologies Limited
INTLCONV.NS,International Conveyors Limited
INVENTURE.NS,Inventure Growth & Securities Limited
IOB.NS,Indian Overseas Bank
IOC.NS,Indian Oil Corporation Limited
IOLCP.NS,IOL Chemicals and Pharmaceuticals Limited
IONEXCHANG.NS,ION Exchange (India) Limited
IPCALAB.NS,IPCA Laboratories Limited
IPL.NS,India Pesticides Limited
IRB.NS,IRB Infrastructure Developers Limited
IRCON.NS,Ircon International Limited
IRCTC.NS,Indian Railway Catering And Tourism Corporation Limited
IREDA.NS,Indian Renewable Energy Development Agency Limited
IRFC.NS,Indian Railway Finance Corporation Limited
IRIS.NS,Iris Business Services Limited
IRISDOREME.NS,Iris Clothings Limited
IRMENERGY.NS,IRM Energy Limited
ISFT.NS,Intrasoft Technologies Limited
ISGEC.NS,Isgec Heavy Engineering Limited
ISHANCH.NS,Ishan Dyes and Chemicals Limited
ITC.NS,ITC Limited
ITCHOTELS.NS,ITC Hotels Limited
ITDC.NS,India Tourism Development Corporation Limited
ITDCEM.NS,ITD Cementation India Limited
ITI.NS,ITI Limited
IVC.NS,IL&FS Investment Managers Limited
IVP.NS,IVP Limited
IXIGO.NS,Le Travenues Technology Limited
J&KBANK.NS,The Jammu & Kashmir Bank Limited
JAGRAN.NS,Jagran Prakashan Limited
JAGSNPHARM.NS,Jagsonpal Pharmaceuticals Limited
JAIBALAJI.NS,Jai Balaji Industries Limited
JAICORPLTD.NS,Jai Corp Limited
JAIPURKURT.NS,Nandani Creation Limited
JAMNAAUTO.NS,Jamna Auto Industries Limited
JASH.NS,Jash Engineering Limited
JAYAGROGN.NS,Jayant Agro Organics Limited
JAYBARMARU.NS,Jay Bharat Maruti Limited
JAYNECOIND.NS,Jayaswal Neco Industries Limited
JAYSREETEA.NS,Jayshree Tea & Industries Limited
JBCHEPHARM.NS,JB Chemicals & Pharmaceuticals Limited
JBMA.NS,JBM Auto Limited
JCHAC.NS,Johnson Controls - Hitachi Air Conditioning India Limited
JETFREIGHT.NS,Jet Freight Logistics Limited
JGCHEM.NS,J.G.Chemicals Limited
JHS.NS,JHS Svendgaard Laboratories Limited
JINDALPOLY.NS,Jindal Poly Films Limited
JINDALSAW.NS,Jindal Saw Limited
JINDALSTEL.NS,Jindal Steel & Power Limited
JINDRILL.NS,Jindal Drilling And Industries Limited
JINDWORLD.NS,Jindal Worldwide Limited
JIOFIN.NS,Jio Financial Services Limited
JISLDVREQS.NS,Jain Irrigation Systems Limited
JISLJALEQS.NS,Jain Irrigation Systems Limited
JKCEMENT.NS,JK Cement Limited
JKIL.NS,J.Kumar Infraprojects Limited
JKLAKSHMI.NS,JK Lakshmi Cement Limited
JKPAPER.NS,JK Paper Limited
JKTYRE.NS,JK Tyre & Industries Limited
JLHL.NS,Jupiter Life Line Hospitals Limited
JMA.NS,Jullundur Motor Agency (Delhi) Limited
JMFINANCIL.NS,JM Financial Limited
JNKINDIA.NS,JNK India Limited
JOCIL.NS,Jocil Limited
JPOLYINVST.NS,Jindal Poly Investment and Finance Company Limited
JPPOWER.NS,Jaiprakash Power Ventures Limited
JSFB.NS,Jana Small Finance Bank Limited
JSL.NS,Jindal Stainless Limited
JSWENERGY.NS,JSW Energy Limited
JSWHL.NS,JSW Holdings Limited
JSWINFRA.NS,JSW Infrastructure Limited
JSWSTEEL.NS,JSW Steel Limited
JTEKTINDIA.NS,Jtekt India Limited
JTLIND.NS,JTL INDUSTRIES LIMITED
JUBLCPL.NS,Jubilant Agri and Consumer Products Limited
JUBLFOOD.NS,Jubilant Foodworks Limited
JUBLINGREA.NS,Jubilant Ingrevia Limited
JUBLPHARMA.NS,Jubilant Pharmova Limited
JUNIPER.NS,Juniper Hotels Limited
JUSTDIAL.NS,Just Dial Limited
JWL.NS,Jupiter Wagons Limited
JYOTHYLAB.NS,Jyothy Labs Limited
JYOTICNC.NS,Jyoti CNC Automation Limited
JYOTISTRUC.NS,Jyoti Structures Limited
KAJARIACER.NS,Kajaria Ceramics Limited
KAKATCEM.NS,Kakatiya Cement Sugar & Industries Limited
KALAMANDIR.NS,Sai Silks (Kalamandir) Limited
KALYANIFRG.NS,Kalyani Forge Limited
KALYANKJIL.NS,Kalyan Jewellers India Limited
KAMATHOTEL.NS,Kamat Hotels (I) Limited
KAMDHENU.NS,Kamdhenu Limited
KANANIIND.NS,Kanani Industries Limited
KANORICHEM.NS,Kanoria Chemicals & Industries Limited
KANSAINER.NS,Kansai Nerolac Paints Limited
KAPSTON.NS,Kapston Services Limited
KARURVYSYA.NS,Karur Vysya Bank Limited
KAUSHALYA.NS,Kaushalya Infrastructure Development Corporation Limited
KAYNES.NS,Kaynes Technology India Limited
KCP.NS,KCP Limited
KCPSUGIND.NS,KCP Sugar and Industries Corporation Limited
KDDL.NS,KDDL Limited
KEC.NS,KEC International Limited
KECL.NS,Kirloskar Electric Company Limited
KEI.NS,KEI Industries Limited
KELLTONTEC.NS,Kellton Tech Solutions Limited
KFINTECH.NS,Kfin Technologies Limited
KHADIM.NS,Khadim India Limited
KHANDSE.NS,Khandwala Securities Limited
KICL.NS,Kalyani Investment Company Limited
KIMS.NS,Krishna Institute of Medical Sciences Limited
KINGFA.NS,Kingfa Science & Technology (India) Limited
KIOCL.NS,KIOCL Limited
KIRIINDUS.NS,Kiri Industries Limited
KIRLOSBROS.NS,Kirloskar Brothers Limited
KIRLOSENG.NS,Kirloskar Oil Engines Limited
KIRLOSIND.NS,Kirloskar Industries Limited
KIRLPNU.NS,Kirloskar Pneumatic Company Limited
KITEX.NS,Kitex Garments Limited
KKCL.NS,Kewal Kiran Clothing Limited
KMEW.NS,Knowledge Marine & Engineering Works Limited
KMSUGAR.NS,K.M.Sugar Mills Limited
KNRCON.NS,KNR Constructions Limited
KOHINOOR.NS,Kohinoor Foods Limited
KOKUYOCMLN.NS,Kokuyo Camlin Limited
KOLTEPATIL.NS,Kolte - Patil Developers Limited
KOPRAN.NS,Kopran Limited
KOTAKBANK.NS,Kotak Mahindra Bank Limited
KOTARISUG.NS,Kothari Sugars And Chemicals Limited
KOTHARIPET.NS,Kothari Petrochemicals Limited
KOTHARIPRO.NS,Kothari Products Limited
KPEL.NS,K.P. Energy Limited
KPIGREEN.NS,KPI Green Energy Limited
KPIL.NS,Kalpataru Projects International Limited
KPITTECH.NS,KPIT Technologies Limited
KPRMILL.NS,K.P.R. Mill Limited
KRBL.NS,KRBL Limited
KRIDHANINF.NS,Kridhan Infra Limited
KRISHANA.NS,Krishana Phoschem Limited
KRITIKA.NS,Kritika Wires Limited
KRITINUT.NS,Kriti Nutrients Limited
KRN.NS,KRN Heat Exchanger and Refrigeration Limited
KRONOX.NS,Kronox Lab Sciences Limited
KROSS.NS,Kross Limited
KRSNAA.NS,Krsnaa Diagnostics Limited
KSB.NS,Ksb Limited
KSCL.NS,Kaveri Seed Company Limited
KSHITIJPOL.NS,Kshitij Polyline Limited
KSL.NS,Kalyani Steels Limited
KSOLVES.NS,Ksolves India Limited
KTKBANK.NS,The Karnataka Bank Limited
KUANTUM.NS,Kuantum Papers Limited
LAGNAM.NS,Lagnam Spintex Limited
LALPATHLAB.NS,Dr. Lal Path Labs Ltd.
LAMBODHARA.NS,Lambodhara Textiles Limited
LANCORHOL.NS,Lancor Holdings Limited
LANDMARK.NS,Landmark Cars Limited
LAOPALA.NS,La Opala RG Limited
LATENTVIEW.NS,Latent View Analytics Limited
LATTEYS.NS,Latteys Industries Limited
LAURUSLABS.NS,Laurus Labs Limited
LAXMICOT.NS,Laxmi Cotspin Limited
LAXMIDENTL.NS,Laxmi Dental Limited
LEMONTREE.NS,Lemon Tree Hotels Limited
LEXUS.NS,Lexus Granito (India) Limited
LFIC.NS,Lakshmi Finance & Industrial Corporation Limited
LGBBROSLTD.NS,LG Balakrishnan & Bros Limited
LGHL.NS,Laxmi Goldorna House Limited
LIBAS.NS,Libas Consumer Products Limited
LICHSGFIN.NS,LIC Housing Finance Limited
LICI.NS,Life Insurance Corporation Of India
LIKHITHA.NS,Likhitha Infrastructure Limited
LINC.NS,Linc Limited
LINCOLN.NS,Lincoln Pharmaceuticals Limited
LINDEINDIA.NS,Linde India Limited
LLOYDSENGG.NS,LLOYDS ENGINEERING WORKS LIMITED
LLOYDSENT.NS,Lloyds Enterprises Limited
LLOYDSME.NS,Lloyds Metals And Energy Limited
LMW.NS,LMW Limited
LODHA.NS,Macrotech Developers Limited
LORDSCHLO.NS,Lords Chloro Alkali Limited
LOTUSEYE.NS,Lotus Eye Hospital and Institute Limited
LOVABLE.NS,Lovable Lingerie Limited
LOYALTEX.NS,Loyal Textile Mills Limited
LPDC.NS,Landmark Property Development Company Limited
LT.NS,Larsen & Toubro Limited
LTF.NS,L&T Finance Limited
LTFOODS.NS,LT Foods Limited
LTIM.NS,LTIMindtree Limited
LTTS.NS,L&T Technology Services Limited
LUMAXIND.NS,Lumax Industries Limited
LUMAXTECH.NS,Lumax Auto Technologies Limited
LUPIN.NS,Lupin Limited
LUXIND.NS,Lux Industries Limited
LXCHEM.NS,Laxmi Organic Industries Limited
LYKALABS.NS,Lyka Labs Limited
M&M.NS,Mahindra & Mahindra Limited
M&MFIN.NS,Mahindra & Mahindra Financial Services Limited
MADHAV.NS,Madhav Marbles and Granites Limited
MADRASFERT.NS,Madras Fertilizers Limited
MAGADSUGAR.NS,Magadh Sugar & Energy Limited
MAGNUM.NS,Magnum Ventures Limited
MAHABANK.NS,Bank of Maharashtra
MAHAPEXLTD.NS,Maha Rashtra Apex Corporation Limited
MAHEPC.NS,Mahindra EPC Irrigation Limited
MAHESHWARI.NS,Maheshwari Logistics Limited
MAHLIFE.NS,Mahindra Lifespace Developers Limited
MAHLOG.NS,Mahindra Logistics Limited
MAHSCOOTER.NS,Maharashtra Scooters Limited
MAHSEAMLES.NS,Maharashtra Seamless Limited
MAITHANALL.NS,Maithan Alloys Limited
MALLCOM.NS,Mallcom (India) Limited
MALUPAPER.NS,Malu Paper Mills Limited
MAMATA.NS,Mamata Machinery Limited
MANAKALUCO.NS,Manaksia Aluminium Company Limited
MANAKCOAT.NS,Manaksia Coated Metals & Industries Limited
MANAKSIA.NS,Manaksia Limited
MANAKSTEEL.NS,Manaksia Steels Limited
MANALIPETC.NS,Manali Petrochemicals Limited
MANAPPURAM.NS,Manappuram Finance Limited
MANBA.NS,Manba Finance Limited
MANCREDIT.NS,Mangal Credit and Fincorp Limited
MANGALAM.NS,Mangalam Drugs And Organics Limited
MANGCHEFER.NS,Mangalore Chemicals & Fertilizers Limited
MANGLMCEM.NS,Mangalam Cement Limited
MANINDS.NS,Man Industries (India) Limited
MANINFRA.NS,Man Infraconstruction Limited
MANKIND.NS,Mankind Pharma Limited
MANOMAY.NS,Manomay Tex India Limited
MANORAMA.NS,Manorama Industries Limited
MANYAVAR.NS,Vedant Fashions Limited
MAPMYINDIA.NS,C.E. Info Systems Limited
MARALOVER.NS,Maral Overseas Limited
MARATHON.NS,Marathon Nextgen Realty Limited
MARICO.NS,Marico Limited
MARKSANS.NS,Marksans Pharma Limited
MARUTI.NS,Maruti Suzuki India Limited
MASFIN.NS,MAS Financial Services Limited
MASTEK.NS,Mastek Limited
MASTERTR.NS,Master Trust Limited
MATRIMONY.NS,Matrimony.Com Limited
MAWANASUG.NS,Mawana Sugars Limited
MAXESTATES.NS,Max Estates Limited
MAXHEALTH.NS,Max Healthcare Institute Limited
MAXIND.NS,Max India Limited
MAYURUNIQ.NS,Mayur Uniquoters Ltd
MAZDA.NS,Mazda Limited
MAZDOCK.NS,Mazagon Dock Shipbuilders Limited
MBAPL.NS,Madhya Bharat Agro Products Limited
MBLINFRA.NS,MBL Infrastructure Limited
MCL.NS,Madhav Copper Limited
MCLEODRUSS.NS,Mcleod Russel India Limited
MCLOUD.NS,Magellanic Cloud Limited
MCX.NS,Multi Commodity Exchange of India Limited
MEDANTA.NS,Global Health Limited
MEDIASSIST.NS,Medi Assist Healthcare Services Limited
MEDICAMEQ.NS,Medicamen Biotech Limited
MEDICO.NS,Medico Remedies Limited
MEDPLUS.NS,Medplus Health Services Limited
MEGASTAR.NS,Megastar Foods Limited
MENONBE.NS,Menon Bearings Limited
METROBRAND.NS,Metro Brands Limited
METROPOLIS.NS,Metropolis Healthcare Limited
MFSL.NS,Max Financial Services Limited
MGEL.NS,Mangalam Global Enterprise Limited
MGL.NS,Mahanagar Gas Limited
MHLXMIRU.NS,Mahalaxmi Rubtech Limited
MHRIL.NS,Mahindra Holidays & Resorts India Limited
MICEL.NS,MIC Electronics Limited
MIDHANI.NS,Mishra Dhatu Nigam Limited
MINDACORP.NS,Minda Corporation Limited
MINDTECK.NS,Mindteck (India) Limited
MIRCELECTR.NS,MIRC Electronics Limited
MIRZAINT.NS,Mirza International Limited
MITCON.NS,MITCON Consultancy & Engineering Services Limited
MITTAL.NS,Mittal Life Style Limited
MMFL.NS,MM Forgings Limited
MMP.NS,MMP Industries Limited
MMTC.NS,MMTC Limited
MOBIKWIK.NS,One Mobikwik Systems Limited
MODISONLTD.NS,MODISON LIMITED
MODTHREAD.NS,Modern Threads (India) Limited
MOHITIND.NS,Mohit Industries Limited
MOIL.NS,MOIL Limited
MOKSH.NS,Moksh Ornaments Limited
MOL.NS,Meghmani Organics Limited
MOLDTECH.NS,Mold-Tek Technologies Limited
MOLDTKPAC.NS,Mold-Tek Packaging Limited
MONARCH.NS,Monarch Networth Capital Limited
MONTECARLO.NS,Monte Carlo Fashions Limited
MOREPENLAB.NS,Morepen Laboratories Limited
MOSCHIP.NS,Moschip Technologies Limited
MOTHERSON.NS,Samvardhana Motherson International Limited
MOTILALOFS.NS,Motilal Oswal Financial Services Limited
MOTISONS.NS,Motisons Jewellers Limited
MOTOGENFIN.NS,The Motor & General Finance Limited
MPHASIS.NS,MphasiS Limited
MPSLTD.NS,MPS Limited
MRF.NS,MRF Limited
MRPL.NS,Mangalore Refinery and Petrochemicals Limited
MSPL.NS,MSP Steel & Power Limited
MSTCLTD.NS,Mstc Limited
MSUMI.NS,Motherson Sumi Wiring India Limited
MTARTECH.NS,Mtar Technologies Limited
MTNL.NS,Mahanagar Telephone Nigam Limited
MUFIN.NS,Mufin Green Finance Limited
MUFTI.NS,Credo Brands Marketing Limited
MUKANDLTD.NS,Mukand Limited
MUKKA.NS,Mukka Proteins Limited
MUKTAARTS.NS,Mukta Arts Limited
MUNJALAU.NS,Munjal Auto Industries Limited
MUNJALSHOW.NS,Munjal Showa Limited
MURUDCERA.NS,Murudeshwar Ceramics Limited
MUTHOOTCAP.NS,Muthoot Capital Services Limited
MUTHOOTFIN.NS,Muthoot Finance Limited
MUTHOOTMF.NS,Muthoot Microfin Limited
MVGJL.NS,Manoj Vaibhav Gems N Jewellers Limited
NAGREEKCAP.NS,Nagreeka Capital & Infrastructure Limited
NAGREEKEXP.NS,Nagreeka Exports Limited
NAHARCAP.NS,Nahar Capital and Financial Services Limited
NAHARSPING.NS,Nahar Spinning Mills Limited
NAM-INDIA.NS,Nippon Life India Asset Management Limited
NARMADA.NS,Narmada Agrobase Limited
NATCAPSUQ.NS,Natural Capsules Limited
NATCOPHARM.NS,Natco Pharma Limited
NATHBIOGEN.NS,Nath Bio-Genes (India) Limited
NATIONALUM.NS,National Aluminium Company Limited
NAUKRI.NS,Info Edge (India) Limited
NAVA.NS,NAVA LIMITED
NAVINFLUOR.NS,Navin Fluorine International Limited
NAVKARCORP.NS,Navkar Corporation Limited
NAVNETEDUL.NS,Navneet Education Limited
NAZARA.NS,Nazara Technologies Limited
NBCC.NS,NBCC (India) Limited
NBIFIN.NS,N. B. I. Industrial Finance Company Limited
NCC.NS,NCC Limited
NCLIND.NS,NCL Industries Limited
NDGL.NS,Naga Dhunseri Group Limited
NDL.NS,Nandan Denim Limited
NDRAUTO.NS,Ndr Auto Components Limited
NECCLTD.NS,North Eastern Carrying Corporation Limited
NECLIFE.NS,Nectar Lifesciences Limited
NELCAST.NS,Nelcast Limited
NELCO.NS,NELCO Limited
NEOGEN.NS,Neogen Chemicals Limited
NESCO.NS,Nesco Limited
NESTLEIND.NS,Nestle India Limited
NETWEB.NS,Netweb Technologies India Limited
NETWORK18.NS,Network18 Media & Investments Limited
NEULANDLAB.NS,Neuland Laboratories Limited
NEWGEN.NS,Newgen Software Technologies Limited
NEXTMEDIA.NS,Next Mediaworks Limited
NFL.NS,National Fertilizers Limited
NGIL.NS,Nakoda Group of Industries Limited
NH.NS,Narayana Hrudayalaya Ltd.
NHPC.NS,NHPC Limited
NIACL.NS,The New India Assurance Company Limited
NIBE.NS,NIBE Limited
NIITLTD.NS,NIIT Limited
NIITMTS.NS,NIIT Learning Systems Limited
NILAINFRA.NS,Nila Infrastructures Limited
NILASPACES.NS,Nila Spaces Limited
NILKAMAL.NS,Nilkamal Limited
NINSYS.NS,NINtec Systems Limited
NIPPOBATRY.NS,Indo-National Limited
NIRAJ.NS,Niraj Cement Structurals Limited
NITCO.NS,Nitco Limited
NITINSPIN.NS,Nitin Spinners Limited
NITIRAJ.NS,Nitiraj Engineers Limited
NIVABUPA.NS,Niva Bupa Health Insurance Company Limited
NKIND.NS,NK Industries Limited
NLCINDIA.NS,NLC India Limited
NMDC.NS,NMDC Limited
NOCIL.NS,NOCIL Limited
NORTHARC.NS,Northern Arc Capital Limited
NOVAAGRI.NS,Nova Agritech Limited
NPST.NS,Network People Services Technologies Limited
NRBBEARING.NS,NRB Bearing Limited
NSIL.NS,Nalwa Sons Investments Limited
NSLNISP.NS,NMDC Steel Limited
NTPC.NS,NTPC Limited
NTPCGREEN.NS,NTPC Green Energy Limited
NUCLEUS.NS,Nucleus Software Exports Limited
NUVAMA.NS,Nuvama Wealth Management Limited
NUVOCO.NS,Nuvoco Vistas Corporation Limited
NYKAA.NS,FSN E-Commerce Ventures Limited
OAL.NS,Oriental Aromatics Limited
OBCL.NS,Orissa Bengal Carrier Limited
OBEROIRLTY.NS,Oberoi Realty Limited
OFSS.NS,Oracle Financial Services Software Limited
OIL.NS,Oil India Limited
OILCOUNTUB.NS,Oil Country Tubular Limited
OLAELEC.NS,Ola Electric Mobility Limited
OLECTRA.NS,Olectra Greentech Limited
OMAXAUTO.NS,Omax Autos Limited
OMAXE.NS,Omaxe Limited
OMINFRAL.NS,OM INFRA LIMITED
ONESOURCE.NS,Onesource Specialty Pharma Limited
ONGC.NS,Oil & Natural Gas Corporation Limited
ONMOBILE.NS,OnMobile Global Limited
ONWARDTEC.NS,Onward Technologies Limited
OPTIEMUS.NS,Optiemus Infracom Limited
ORBTEXP.NS,Orbit Exports Limited
ORCHPHARMA.NS,Orchid Pharma Limited
ORICONENT.NS,Oricon Enterprises Limited
ORIENTBELL.NS,Orient Bell Limited
ORIENTCEM.NS,Orient Cement Limited
ORIENTCER.NS,ORIENT CERATECH LIMITED
ORIENTELEC.NS,Orient Electric Limited
ORIENTHOT.NS,Oriental Hotels Limited
ORIENTLTD.NS,Orient Press Limited
ORIENTPPR.NS,Orient Paper & Industries Limited
ORIENTTECH.NS,Orient Technologies Limited
ORISSAMINE.NS,The Orissa Minerals Development Company Limited
OSWALAGRO.NS,Oswal Agro Mills Limited
OSWALGREEN.NS,Oswal Greentech Limited
OSWALPUMPS.NS,Oswal Pumps Limited
OSWALSEEDS.NS,ShreeOswal Seeds And Chemicals Limited
PAGEIND.NS,Page Industries Limited
PAISALO.NS,Paisalo Digital Limited
PAKKA.NS,PAKKA LIMITED
PALASHSECU.NS,Palash Securities Limited
PANACEABIO.NS,Panacea Biotec Limited
PANAMAPET.NS,Panama Petrochem Limited
PARACABLES.NS,Paramount Communications Limited
PARADEEP.NS,Paradeep Phosphates Limited
PARAGMILK.NS,Parag Milk Foods Limited
PARAS.NS,Paras Defence and Space Technologies Limited
PARASPETRO.NS,Paras Petrofils Limited
PARKHOTELS.NS,Apeejay Surrendra Park Hotels Limited
PARSVNATH.NS,Parsvnath Developers Limited
PASUPTAC.NS,Pasupati Acrylon Limited
PATANJALI.NS,Patanjali Foods Limited
PATELENG.NS,Patel Engineering Limited
PATINTLOG.NS,Patel Integrated Logistics Limited
PAVNAIND.NS,Pavna Industries Limited
PAYTM.NS,One 97 Communications Limited
PCBL.NS,PCBL Chemical Limited
PCJEWELLER.NS,PC Jeweller Limited
PDMJEPAPER.NS,Pudumjee Paper Products Limited
PDSL.NS,PDS Limited
PEARLPOLY.NS,Pearl Polymers Limited
PEL.NS,Piramal Enterprises Limited
PENIND.NS,Pennar Industries Limited
PERSISTENT.NS,Persistent Systems Limited
PETRONET.NS,Petronet LNG Limited
PFC.NS,Power Finance Corporation Limited
PFIZER.NS,Pfizer Limited
PFOCUS.NS,Prime Focus Limited
PFS.NS,PTC India Financial Services Limited
PGEL.NS,PG Electroplast Limited
PGHH.NS,Procter & Gamble Hygiene and Health Care Limited
PGHL.NS,Procter & Gamble Health Limited
PGIL.NS,Pearl Global Industries Limited
PHOENIXLTD.NS,The Phoenix Mills Limited
PIDILITIND.NS,Pidilite Industries Limited
PIIND.NS,PI Industries Limited
PILANIINVS.NS,Pilani Investment and Industries Corporation Limited
PIONEEREMB.NS,Pioneer Embroideries Limited
PITTIENG.NS,Pitti Engineering Limited
PIXTRANS.NS,Pix Transmissions Limited
PLASTIBLEN.NS,Plastiblends India Limited
PLATIND.NS,Platinum Industries Limited
PLAZACABLE.NS,Plaza Wires Limited
PNB.NS,Punjab National Bank
PNBGILTS.NS,PNB Gilts Limited
PNBHOUSING.NS,PNB Housing Finance Limited
PNCINFRA.NS,PNC Infratech Limited
PNGJL.NS,P N Gadgil Jewellers Limited
POCL.NS,Pondy Oxides & Chemicals Limited
PODDARMENT.NS,Poddar Pigments Limited
POKARNA.NS,Pokarna Limited
POLICYBZR.NS,PB Fintech Limited
POLYCAB.NS,Polycab India Limited
POLYMED.NS,Poly Medicure Limited
POLYPLEX.NS,Polyplex Corporation Limited
PONNIERODE.NS,Ponni Sugars (Erode) Limited
POONAWALLA.NS,Poonawalla Fincorp Limited
POWERGRID.NS,Power Grid Corporation of India Limited
POWERINDIA.NS,Hitachi Energy India Limited
POWERMECH.NS,Power Mech Projects Limited
PPL.NS,Prakash Pipes Limited
PPLPHARMA.NS,Piramal Pharma Limited
PRABHA.NS,Prabha Energy Limited
PRAENG.NS,Prajay Engineers Syndicate Limited
PRAJIND.NS,Praj Industries Limited
PRAKASH.NS,Prakash Industries Limited
PRAKASHSTL.NS,Prakash Steelage Limited
PRECAM.NS,Precision Camshafts Limited
PRECOT.NS,Precot Limited
PRECWIRE.NS,Precision Wires India Limited
PREMEXPLN.NS,Premier Explosives Limited
PREMIERENE.NS,Premier Energies Limited
PREMIERPOL.NS,Premier Polyfilm Limited
PRESTIGE.NS,Prestige Estates Projects Limited
PRICOLLTD.NS,Pricol Limited
PRIMESECU.NS,Prime Securities Limited
PRIMO.NS,Primo Chemicals Limited
PRINCEPIPE.NS,Prince Pipes And Fittings Limited
PRITI.NS,Priti International Limited
PRITIKAUTO.NS,Pritika Auto Industries Limited
PRIVISCL.NS,Privi Speciality Chemicals Limited
PROSTARM.NS,Prostarm Info Systems Limited
PROTEAN.NS,Protean eGov Technologies Limited
PROZONER.NS,Prozone Realty Limited
PRSMJOHNSN.NS,Prism Johnson Limited
PRUDENT.NS,Prudent Corporate Advisory Services Limited
PRUDMOULI.NS,Prudential Sugar Corporation Limited
PSB.NS,Punjab & Sind Bank
PSPPROJECT.NS,PSP Projects Limited
PTC.NS,PTC India Limited
PTCIL.NS,PTC Industries Limited
PTL.NS,PTL Enterprises Limited
PUNJABCHEM.NS,Punjab Chemicals & Crop Protection Limited
PURVA.NS,Puravankara Limited
PVP.NS,PVP Ventures Limited
PVRINOX.NS,PVR INOX Limited
PVSL.NS,Popular Vehicles and Services Limited
PYRAMID.NS,Pyramid Technoplast Limited
QPOWER.NS,Quality Power Electrical Equipments Limited
QUADFUTURE.NS,Quadrant Future Tek Limited
QUESS.NS,Quess Corp Limited
QUICKHEAL.NS,Quick Heal Technologies Limited
RACE.NS,Race Eco Chain Limited
RACLGEAR.NS,RACL Geartech Limited
RADAAN.NS,Radaan Mediaworks India Limited
RADHIKAJWE.NS,Radhika Jeweltech Limited
RADIANTCMS.NS,Radiant Cash Management Services Limited
RADICO.NS,Radico Khaitan Limited
RADIOCITY.NS,Music Broadcast Limited
RAILTEL.NS,Railtel Corporation Of India Limited
RAIN.NS,Rain Industries Limited
RAINBOW.NS,Rainbow Childrens Medicare Limited
RAJESHEXPO.NS,Rajesh Exports Limited
RAJOOENG.NS,Rajoo Engineers Limited
RAJRATAN.NS,Rajratan Global Wire Limited
RAJSREESUG.NS,Rajshree Sugars & Chemicals Limited
RALLIS.NS,Rallis India Limited
RAMAPHO.NS,Rama Phosphates Limited
RAMASTEEL.NS,Rama Steel Tubes Limited
RAMCOCEM.NS,The Ramco Cements Limited
RAMCOIND.NS,Ramco Industries Limited
RAMKY.NS,Ramky Infrastructure Limited
RAMRAT.NS,Ram Ratna Wires Limited
RANASUG.NS,Rana Sugars Limited
RANEHOLDIN.NS,Rane Holdings Limited
RATEGAIN.NS,Rategain Travel Technologies Limited
RATNAMANI.NS,Ratnamani Metals & Tubes Limited
RATNAVEER.NS,Ratnaveer Precision Engineering Limited
RAYMOND.NS,Raymond Limited
RAYMONDLSL.NS,Raymond Lifestyle Limited
RAYMONDREL.NS,Raymond Realty Limited
RBA.NS,Restaurant Brands Asia Limited
RBLBANK.NS,RBL Bank Limited
RBZJEWEL.NS,RBZ Jewellers Limited
RCF.NS,Rashtriya Chemicals and Fertilizers Limited
RECLTD.NS,REC Limited
REDINGTON.NS,Redington Limited
REDTAPE.NS,Redtape Limited
REFEX.NS,Refex Industries Limited
RELAXO.NS,Relaxo Footwears Limited
RELCHEMQ.NS,Reliance Chemotex Industries Limited
RELIABLE.NS,Reliable Data Services Limited
RELIANCE.NS,Reliance Industries Limited
RELIGARE.NS,Religare Enterprises Limited
REMSONSIND.NS,Remsons Industries Limited
RENUKA.NS,Shree Renuka Sugars Limited
REPCOHOME.NS,Repco Home Finance Limited
REPL.NS,Rudrabhishek Enterprises Limited
REPRO.NS,Repro India Limited
RESPONIND.NS,Responsive Industries Limited
RETAIL.NS,JHS Svendgaard Retail Ventures Limited
RGL.NS,Renaissance Global Limited
RHIM.NS,RHI MAGNESITA INDIA LIMITED
RHL.NS,Robust Hotels Limited
RICOAUTO.NS,Rico Auto Industries Limited
RIIL.NS,Reliance Industrial Infrastructure Limited
RISHABH.NS,Rishabh Instruments Limited
RITCO.NS,Ritco Logistics Limited
RITES.NS,RITES Limited
RKDL.NS,Ravi Kumar Distilleries Limited
RKEC.NS,RKEC Projects Limited
RKFORGE.NS,Ramkrishna Forgings Limited
RKSWAMY.NS,R K Swamy Limited
RML.NS,Rane (Madras) Limited
ROHLTD.NS,Royal Orchid Hotels Limited
ROLEXRINGS.NS,Rolex Rings Limited
ROML.NS,Raj Oil Mills Limited
ROSSARI.NS,Rossari Biotech Limited
ROSSELLIND.NS,Rossell India Limited
ROTO.NS,Roto Pumps Limited
ROUTE.NS,ROUTE MOBILE LIMITED
RPEL.NS,Raghav Productivity Enhancers Limited
RPGLIFE.NS,RPG Life Sciences Limited
RPPL.NS,Rajshree Polypack Limited
RPSGVENT.NS,RPSG VENTURES LIMITED
RPTECH.NS,Rashi Peripherals Limited
RRKABEL.NS,R R Kabel Limited
RSWM.NS,RSWM Limited
RSYSTEMS.NS,R Systems International Limited
RTNINDIA.NS,RattanIndia Enterprises Limited
RTNPOWER.NS,RattanIndia Power Limited
RUBFILA.NS,Rubfila International Limited
RUBYMILLS.NS,The Ruby Mills Limited
RUCHIRA.NS,Ruchira Papers Limited
RUPA.NS,Rupa & Company Limited
RUSHIL.NS,Rushil Decor Limited
RUSTOMJEE.NS,Keystone Realtors Limited
RVHL.NS,Ravinder Heights Limited
RVNL.NS,Rail Vikas Nigam Limited
SABTNL.NS,Sri Adhikari Brothers Television Network Limited
SADBHAV.NS,Sadbhav Engineering Limited
SADBHIN.NS,Sadbhav Infrastructure Project Limited
SAFARI.NS,Safari Industries (India) Limited
SAGARDEEP.NS,Sagardeep Alloys Limited
SAGCEM.NS,Sagar Cements Limited
SAGILITY.NS,Sagility India Limited
SAHYADRI.NS,Sahyadri Industries Limited
SAIL.NS,Steel Authority of India Limited
SAILIFE.NS,Sai Life Sciences Limited
SAKHTISUG.NS,Sakthi Sugars Limited
SAKSOFT.NS,Saksoft Limited
SALASAR.NS,Salasar Techno Engineering Limited
SALONA.NS,Salona Cotspin Limited
SALSTEEL.NS,S.A.L. Steel Limited
SALZERELEC.NS,Salzer Electronics Limited
SAMBHAAV.NS,Sambhaav Media Limited
SAMHI.NS,Samhi Hotels Limited
SAMMAANCAP.NS,Sammaan Capital Limited
SAMPANN.NS,Sampann Utpadan India Limited
SANATHAN.NS,Sanathan Textiles Limited
SANDESH.NS,The Sandesh Limited
SANDHAR.NS,Sandhar Technologies Limited
SANDUMA.NS,Sandur Manganese & Iron Ores Limited
SANGAMIND.NS,Sangam (India) Limited
SANGHIIND.NS,Sanghi Industries Limited
SANGHVIMOV.NS,Sanghvi Movers Limited
SANGINITA.NS,Sanginita Chemicals Limited
SANOFI.NS,Sanofi India Limited
SANOFICONR.NS,Sanofi Consumer Healthcare India Limited
SANSERA.NS,Sansera Engineering Limited
SANSTAR.NS,Sanstar Limited
SAPPHIRE.NS,Sapphire Foods India Limited
SARDAEN.NS,Sarda Energy & Minerals Limited
SAREGAMA.NS,Saregama India Limited
SARVESHWAR.NS,Sarveshwar Foods Limited
SASKEN.NS,Sasken Technologies Limited
SASTASUNDR.NS,Sastasundar Ventures Limited
SATIA.NS,Satia Industries Limited
SATIN.NS,Satin Creditcare Network Limited
SAURASHCEM.NS,Saurashtra Cement Limited
SBC.NS,SBC Exports Limited
SBCL.NS,Shivalik Bimetal Controls Limited
SBFC.NS,SBFC Finance Limited
SBICARD.NS,SBI Cards and Payment Services Limited
SBILIFE.NS,SBI Life Insurance Company Limited
SBIN.NS,State Bank of India
SCHAEFFLER.NS,Schaeffler India Limited
SCHAND.NS,S Chand And Company Limited
SCI.NS,Shipping Corporation Of India Limited
SCILAL.NS,Shipping Corporation of India Land and Assets Limited
SCODATUBES.NS,Scoda Tubes Limited
SCPL.NS,Sheetal Cool Products Limited
SDBL.NS,Som Distilleries & Breweries Limited
SEAMECLTD.NS,Seamec Limited
SELAN.NS,Selan Exploration Technology Limited
SEMAC.NS,SEMAC CONSULTANTS LIMITED
SENCO.NS,Senco Gold Limited
SENORES.NS,Senores Pharmaceuticals Limited
SEPC.NS,SEPC Limited
SEQUENT.NS,Sequent Scientific Limited
SERVOTECH.NS,Servotech Renewable Power System Limited
SESHAPAPER.NS,Seshasayee Paper and Boards Limited
SFL.NS,Sheela Foam Limited
SGIL.NS,Synergy Green Industries Limited
SHAHALLOYS.NS,Shah Alloys Limited
SHAILY.NS,Shaily Engineering Plastics Limited
SHAKTIPUMP.NS,Shakti Pumps (India) Limited
SHALBY.NS,Shalby Limited
SHALPAINTS.NS,Shalimar Paints Limited
SHANKARA.NS,Shankara Building Products Limited
SHANTIGEAR.NS,Shanthi Gears Limited
SHARDACROP.NS,Sharda Cropchem Limited
SHARDAMOTR.NS,Sharda Motor Industries Limited
SHAREINDIA.NS,Share India Securities Limited
SHEMAROO.NS,Shemaroo Entertainment Limited
SHIVALIK.NS,Shivalik Rasayan Limited
SHIVAMAUTO.NS,Shivam Autotech Limited
SHIVAMILLS.NS,Shiva Mills Limited
SHIVATEX.NS,Shiva Texyarn Limited
SHK.NS,S H Kelkar and Company Limited
SHOPERSTOP.NS,Shoppers Stop Limited
SHRADHA.NS,Shradha Infraprojects Limited
SHREDIGCEM.NS,Shree Digvijay Cement Co.Ltd
SHREECEM.NS,SHREE CEMENT LIMITED
SHREEPUSHK.NS,Shree Pushkar Chemicals & Fertilisers Limited
SHREERAMA.NS,Shree Rama Multi-Tech Limited
SHRENIK.NS,Shrenik Limited
SHRIPISTON.NS,Shriram Pistons & Rings Limited
SHRIRAMFIN.NS,Shriram Finance Limited
SHRIRAMPPS.NS,Shriram Properties Limited
SHYAMMETL.NS,Shyam Metalics and Energy Limited
SIEMENS.NS,Siemens Limited
SIGACHI.NS,Sigachi Industries Limited
SIGNATURE.NS,Signatureglobal (India) Limited
SIGNPOST.NS,Signpost India Limited
SIKKO.NS,Sikko Industries Limited
SIL.NS,Standard Industries Limited
SILINV.NS,SIL Investments Limited
SILLYMONKS.NS,Silly Monks Entertainment Limited
SILVERTUC.NS,Silver Touch Technologies Limited
SIMPLEXINF.NS,Simplex Infrastructures Limited
SINCLAIR.NS,Sinclairs Hotels Limited
SINDHUTRAD.NS,Sindhu Trade Links Limited
SINTERCOM.NS,Sintercom India Limited
SIRCA.NS,Sirca Paints India Limited
SIS.NS,SIS LIMITED
SIYSIL.NS,Siyaram Silk Mills Limited
SJS.NS,S.J.S. Enterprises Limited
SJVN.NS,SJVN Limited
SKFINDIA.NS,SKF India Limited
SKIPPER.NS,Skipper Limited
SKYGOLD.NS,SKY GOLD AND DIAMONDS LIMITED
SMARTLINK.NS,Smartlink Holdings Limited
SMCGLOBAL.NS,SMC Global Securities Limited
SMLISUZU.NS,SML Isuzu Limited
SMLT.NS,Sarthak Metals Limited
SMSLIFE.NS,SMS Lifesciences India Limited
SMSPHARMA.NS,SMS Pharmaceuticals Limited
SNOWMAN.NS,Snowman Logistics Limited
SOBHA.NS,Sobha Limited
SOFTTECH.NS,Softtech Engineers Limited
SOLARA.NS,Solara Active Pharma Sciences Limited
SOLARINDS.NS,Solar Industries India Limited
SOMANYCERA.NS,Somany Ceramics Limited
SOMATEX.NS,Soma Textiles & Industries Limited
SOMICONVEY.NS,Somi Conveyor Beltings Limited
SONACOMS.NS,Sona BLW Precision Forgings Limited
SONAMLTD.NS,SONAM LIMITED
SONATSOFTW.NS,Sonata Software Limited
SOTL.NS,Savita Oil Technologies Limited
SOUTHBANK.NS,The South Indian Bank Limited
SPAL.NS,S. P. Apparels Limited
SPANDANA.NS,Spandana Sphoorty Financial Limited
SPARC.NS,Sun Pharma Advanced Research Company Limited
SPECIALITY.NS,Speciality Restaurants Limited
SPECTRUM.NS,Spectrum Electrical Industries Limited
SPENCERS.NS,Spencer's Retail Limited
SPIC.NS,Southern Petrochemicals Industries Corporation  Limited
SPLPETRO.NS,Supreme Petrochem Limited
SPMLINFRA.NS,SPML Infra Limited
SPORTKING.NS,Sportking India Limited
SRD.NS,Shankar Lal Rampal Dye-Chem Limited
SREEL.NS,Sreeleathers Limited
SRF.NS,SRF Limited
SRGHFL.NS,SRG Housing Finance Limited
SRHHYPOLTD.NS,Sree Rayalaseema Hi-Strength Hypo Limited
SRM.NS,SRM Contractors Limited
SSDL.NS,Saraswati Saree Depot Limited
SSWL.NS,Steel Strips Wheels Limited
STANLEY.NS,Stanley Lifestyles Limited
STAR.NS,Strides Pharma Science Limited
STARCEMENT.NS,Star Cement Limited
STARHEALTH.NS,Star Health and Allied Insurance Company Limited
STARPAPER.NS,Star Paper Mills Limited
STARTECK.NS,Starteck Finance Limited
STEELCAS.NS,Steelcast Limited
STEELCITY.NS,Steel City Securities Limited
STEELXIND.NS,STEEL EXCHANGE INDIA LIMITED
STEL.NS,Stel Holdings Limited
STERTOOLS.NS,Sterling Tools Limited
STLTECH.NS,Sterlite Technologies Limited
STOVEKRAFT.NS,Stove Kraft Limited
STYLAMIND.NS,Stylam Industries Limited
STYLEBAAZA.NS,Baazar Style Retail Limited
STYRENIX.NS,Styrenix Performance Materials Limited
SUBROS.NS,Subros Limited
SUDARSCHEM.NS,Sudarshan Chemical Industries Limited
SUKHJITS.NS,Sukhjit Starch & Chemicals Limited
SULA.NS,Sula Vineyards Limited
SUMICHEM.NS,Sumitomo Chemical India Limited
SUMIT.NS,Sumit Woods Limited
SUMMITSEC.NS,Summit Securities Limited
SUNCLAY.NS,Sundaram Clayton Limited
SUNDARAM.NS,Sundaram Multi Pap Limited
SUNDARMFIN.NS,Sundaram Finance Limited
SUNDARMHLD.NS,Sundaram Finance Holdings Limited
SUNDRMBRAK.NS,Sundaram Brake Linings Limited
SUNDRMFAST.NS,Sundram Fasteners Limited
SUNDROP.NS,Sundrop Brands Limited
SUNFLAG.NS,Sunflag Iron And Steel Company Limited
SUNPHARMA.NS,Sun Pharmaceutical Industries Limited
SUNTECK.NS,Sunteck Realty Limited
SUNTV.NS,Sun TV Network Limited
SUPERHOUSE.NS,Superhouse Limited
SUPERSPIN.NS,Super Spinning Mills Limited
SUPRAJIT.NS,Suprajit Engineering Limited
SUPREME.NS,Supreme Holdings & Hospitality (India) Limited
SUPREMEIND.NS,Supreme Industries Limited
SUPRIYA.NS,Supriya Lifescience Limited
SURAJEST.NS,Suraj Estate Developers Limited
SURAJLTD.NS,Suraj Limited
SURAKSHA.NS,Suraksha Diagnostic Limited
SURANASOL.NS,Surana Solar Limited
SURANAT&P.NS,Surana Telecom and Power Limited
SURYALAXMI.NS,Suryalakshmi Cotton Mills Limited
SURYAROSNI.NS,Surya Roshni Limited
SURYODAY.NS,Suryoday Small Finance Bank Limited
SUZLON.NS,Suzlon Energy Limited
SWANENERGY.NS,Swan Energy Limited
SWARAJENG.NS,Swaraj Engines Limited
SWIGGY.NS,Swiggy Limited
SWSOLAR.NS,Sterling and Wilson Renewable Energy Limited
SYMPHONY.NS,Symphony Limited
SYNGENE.NS,Syngene International Limited
SYRMA.NS,Syrma SGS Technology Limited
TAINWALCHM.NS,Tainwala Chemical and Plastic (I) Limited
TAJGVK.NS,Taj GVK Hotels & Resorts Limited
TALBROAUTO.NS,Talbros Automotive Components Limited
TANLA.NS,Tanla Platforms Limited
TARC.NS,TARC Limited
TARIL.NS,Transformers And Rectifiers (India) Limited
TARMAT.NS,Tarmat Limited
TARSONS.NS,Tarsons Products Limited
TASTYBITE.NS,Tasty Bite Eatables Limited
TATACHEM.NS,Tata Chemicals Limited
TATACOMM.NS,Tata Communications Limited
TATACONSUM.NS,TATA CONSUMER PRODUCTS LIMITED
TATAELXSI.NS,Tata Elxsi Limited
TATAINVEST.NS,Tata Investment Corporation Limited
TATAMOTORS.NS,Tata Motors Limited
TATAPOWER.NS,Tata Power Company Limited
TATASTEEL.NS,Tata Steel Limited
TATATECH.NS,Tata Technologies Limited
TATVA.NS,Tatva Chintan Pharma Chem Limited
TBOTEK.NS,TBO Tek Limited
TBZ.NS,Tribhovandas Bhimji Zaveri Limited
TCI.NS,Transport Corporation of India Limited
TCIEXP.NS,TCI Express Limited
TCPLPACK.NS,TCPL Packaging Limited
TCS.NS,Tata Consultancy Services Limited
TDPOWERSYS.NS,TD Power Systems Limited
TEAMLEASE.NS,Teamlease Services Limited
TECHM.NS,Tech Mahindra Limited
TECHNOE.NS,Techno Electric & Engineering Company Limited
TEGA.NS,Tega Industries Limited
TEJASNET.NS,Tejas Networks Limited
TEXINFRA.NS,Texmaco Infrastructure & Holdings Limited
TEXMOPIPES.NS,Texmo Pipes and Products Limited
TEXRAIL.NS,Texmaco Rail & Engineering Limited
TFCILTD.NS,Tourism Finance Corporation of India Limited
TFL.NS,Transwarranty Finance Limited
TGBHOTELS.NS,TGB Banquets And Hotels Limited
THANGAMAYL.NS,Thangamayil Jewellery Limited
THEINVEST.NS,The Investment Trust Of India Limited
THEJO.NS,Thejo Engineering Limited
THELEELA.NS,Schloss Bangalore Limited
THEMISMED.NS,Themis Medicare Limited
THERMAX.NS,Thermax Limited
THOMASCOOK.NS,Thomas Cook  (India)  Limited
THOMASCOTT.NS,Thomas Scott (India) Limited
THYROCARE.NS,Thyrocare Technologies Limited
TI.NS,Tilaknagar Industries Limited
TIIL.NS,Technocraft Industries (India) Limited
TIINDIA.NS,Tube Investments of India Limited
TIJARIA.NS,Tijaria Polypipes Limited
TIMESGTY.NS,Times Guaranty Limited
TIMETECHNO.NS,Time Technoplast Limited
TIMKEN.NS,Timken India Limited
TINNARUBR.NS,Tinna Rubber and Infrastructure Limited
TIPSFILMS.NS,Tips Films Limited
TIPSMUSIC.NS,Tips Music Limited
TIRUMALCHM.NS,Thirumalai Chemicals Limited
TITAGARH.NS,TITAGARH RAIL SYSTEMS LIMITED
TITAN.NS,Titan Company Limited
TMB.NS,Tamilnad Mercantile Bank Limited
TNPETRO.NS,Tamilnadu PetroProducts Limited
TNPL.NS,Tamil Nadu Newsprint & Papers Limited
TNTELE.NS,Tamilnadu Telecommunication Limited
TOKYOPLAST.NS,Tokyo Plast International Limited
TOLINS.NS,Tolins Tyres Limited
TORNTPHARM.NS,Torrent Pharmaceuticals Limited
TORNTPOWER.NS,Torrent Power Limited
TOTAL.NS,Total Transport Systems Limited
TOUCHWOOD.NS,Touchwood Entertainment Limited
TPLPLASTEH.NS,TPL Plastech Limited
TRACXN.NS,Tracxn Technologies Limited
TRANSRAILL.NS,Transrail Lighting Limited
TRANSWORLD.NS,TRANSWORLD SHIPPING LINES LIMITED
TREJHARA.NS,TREJHARA SOLUTIONS LIMITED
TREL.NS,Transindia Real Estate Limited
TRENT.NS,Trent Limited
TRF.NS,TRF Limited
TRIDENT.NS,Trident Limited
TRIGYN.NS,Trigyn Technologies Limited
TRITURBINE.NS,Triveni Turbine Limited
TRIVENI.NS,Triveni Engineering & Industries Limited
TTKHLTCARE.NS,TTK Healthcare Limited
TTKPRESTIG.NS,TTK Prestige Limited
TVSHLTD.NS,TVS Holdings Limited
TVSMOTOR.NS,TVS Motor Company Limited
TVSSCS.NS,TVS Supply Chain Solutions Limited
TVSSRICHAK.NS,TVS Srichakra Limited
TVTODAY.NS,TV Today Network Limited
UBL.NS,United Breweries Limited
UCAL.NS,UCAL LIMITED
UCOBANK.NS,UCO Bank
UDAICEMENT.NS,Udaipur Cement Works Limited
UDS.NS,Updater Services Limited
UFLEX.NS,UFLEX Limited
UFO.NS,UFO Moviez India Limited
UGARSUGAR.NS,The Ugar Sugar Works Limited
UGROCAP.NS,Ugro Capital Limited
UJJIVANSFB.NS,Ujjivan Small Finance Bank Limited
ULTRACEMCO.NS,UltraTech Cement Limited
UMAEXPORTS.NS,Uma Exports Limited
UMESLTD.NS,Usha Martin Education & Solutions Limited
UMIYA-MRO.NS,UMIYA BUILDCON LIMITED
UNICHEMLAB.NS,Unichem Laboratories Limited
UNIDT.NS,United Drilling Tools Limited
UNIECOM.NS,Unicommerce Esolutions Limited
UNIENTER.NS,Uniphos Enterprises Limited
UNIONBANK.NS,Union Bank of India
UNIPARTS.NS,Uniparts India Limited
UNITDSPR.NS,United Spirits Limited
UNITEDPOLY.NS,United Polyfab Gujarat Limited
UNITEDTEA.NS,The United Nilgiri Tea Estates Company Limited
UNIVASTU.NS,Univastu India Limited
UNIVCABLES.NS,Universal Cables Limited
UNIVPHOTO.NS,Universus Photo Imagings Limited
UNOMINDA.NS,UNO Minda Limited
UPL.NS,UPL Limited
URJA.NS,Urja Global Limited
USHAMART.NS,Usha Martin Limited
USK.NS,Udayshivakumar Infra Limited
UTIAMC.NS,UTI Asset Management Company Limited
UTKARSHBNK.NS,Utkarsh Small Finance Bank Limited
UTTAMSUGAR.NS,Uttam Sugar Mills Limited
UYFINCORP.NS,U. Y. Fincorp Limited
V2RETAIL.NS,V2 Retail Limited
VADILALIND.NS,Vadilal Industries Limited
VAIBHAVGBL.NS,Vaibhav Global Limited
VAISHALI.NS,Vaishali Pharma Limited
VALIANTLAB.NS,Valiant Laboratories Limited
VARDHACRLC.NS,Vardhman Acrylics Limited
VARDMNPOLY.NS,Vardhman Polytex Limited
VARROC.NS,Varroc Engineering Limited
VASCONEQ.NS,Vascon Engineers Limited
VASWANI.NS,Vaswani Industries Limited
VBL.NS,Varun Beverages Limited
VEDL.NS,Vedanta Limited
VEEDOL.NS,Veedol Corporation Limited
VENKEYS.NS,Venky's (India) Limited
VENTIVE.NS,Ventive Hospitality Limited
VENUSPIPES.NS,Venus Pipes & Tubes Limited
VERANDA.NS,Veranda Learning Solutions Limited
VESUVIUS.NS,Vesuvius India Limited
VETO.NS,Veto Switchgears And Cables Limited
VGUARD.NS,V-Guard Industries Limited
VHL.NS,Vardhman Holdings Limited
VIDHIING.NS,Vidhi Specialty Food Ingredients Limited
VIJAYA.NS,Vijaya Diagnostic Centre Limited
VIJIFIN.NS,Viji Finance Limited
VIKASECO.NS,Vikas EcoTech Limited
VIKASLIFE.NS,Vikas Lifecare Limited
VIMTALABS.NS,Vimta Labs Limited
VINATIORGA.NS,Vinati Organics Limited
VINCOFE.NS,Vintage Coffee And Beverages Limited
VINDHYATEL.NS,Vindhya Telelinks Limited
VIPCLOTHNG.NS,VIP Clothing Limited
VIPIND.NS,VIP Industries Limited
VIRINCHI.NS,Virinchi Limited
VISAKAIND.NS,Visaka Industries Limited
VISHNU.NS,Vishnu Chemicals Limited
VISHWARAJ.NS,Vishwaraj Sugar Industries Limited
VIVIDHA.NS,Visagar Polytex Limited
VLSFINANCE.NS,VLS Finance Limited
VMART.NS,V-Mart Retail Limited
VMM.NS,Vishal Mega Mart Limited
VOLTAMP.NS,Voltamp Transformers Limited
VOLTAS.NS,Voltas Limited
VPRPL.NS,Vishnu Prakash R Punglia Limited
VRAJ.NS,Vraj Iron and Steel Limited
VRLLOG.NS,VRL Logistics Limited
VSSL.NS,Vardhman Special Steels Limited
VSTIND.NS,VST Industries Limited
VSTL.NS,Vibhor Steel Tubes Limited
VSTTILLERS.NS,V.S.T Tillers Tractors Limited
VTL.NS,Vardhman Textiles Limited
WAAREEENER.NS,Waaree Energies Limited
WAAREERTL.NS,Waaree Renewable Technologies Limited
WABAG.NS,VA Tech Wabag Limited
WCIL.NS,Western Carriers (India) Limited
WEALTH.NS,Wealth First Portfolio Managers Limited
WEBELSOLAR.NS,Websol Energy System Limited
WEIZMANIND.NS,Weizmann Limited
WEL.NS,Wonder Electricals Limited
WELCORP.NS,Welspun Corp Limited
WELENT.NS,Welspun Enterprises Limited
WELSPUNLIV.NS,Welspun Living Limited
WENDT.NS,Wendt (India) Limited
WESTLIFE.NS,WESTLIFE FOODWORLD LIMITED
WEWIN.NS,WE WIN LIMITED
WHEELS.NS,Wheels India Limited
WHIRLPOOL.NS,Whirlpool of India Limited
WILLAMAGOR.NS,Williamson Magor & Company Limited
WINDLAS.NS,Windlas Biotech Limited
WINDMACHIN.NS,Windsor Machines Limited
WIPL.NS,The Western India Plywoods Limited
WIPRO.NS,Wipro Limited
WOCKPHARMA.NS,Wockhardt Limited
WONDERLA.NS,Wonderla Holidays Limited
WORTH.NS,Worth Peripherals Limited
WSTCSTPAPR.NS,West Coast Paper Mills Limited
XCHANGING.NS,Xchanging Solutions Limited
XELPMOC.NS,Xelpmoc Design And Tech Limited
XPROINDIA.NS,Xpro India Limited
XTGLOBAL.NS,Xtglobal Infotech Limited
YASHO.NS,Yasho Industries Limited
YATHARTH.NS,Yatharth Hospital & Trauma Care Services Limited
YATRA.NS,Yatra Online Limited
YESBANK.NS,Yes Bank Limited
YUKEN.NS,Yuken India Limited
ZAGGLE.NS,Zaggle Prepaid Ocean Services Limited
ZEEL.NS,Zee Entertainment Enterprises Limited
ZEEMEDIA.NS,Zee Media Corporation Limited
ZENITHEXPO.NS,Zenith Exports Limited
ZENSARTECH.NS,Zensar Technologies Limited
ZENTEC.NS,Zen Technologies Limited
ZFCVINDIA.NS,ZF Commercial Vehicle Control Systems India Limited
ZIMLAB.NS,Zim Laboratories Limited
ZODIACLOTH.NS,Zodiac Clothing Company Limited
ZOTA.NS,Zota Health Care LImited
ZUARI.NS,Zuari Agro Chemicals Limited
ZUARIIND.NS,ZUARI INDUSTRIES LIMITED
ZYDUSLIFE.NS,Zydus Lifesciences Limited
ZYDUSWELL.NS,Zydus Wellness Limited
